COUNTRY,ISO3,WHO_REGION,DATA_SOURCE,DATE_UPDATED,TOTAL_VACCINATIONS,PERSONS_VACCINATED_1PLUS_DOSE,TOTAL_VACCINATIONS_PER100,PERSONS_VACCINATED_1PLUS_DOSE_PER100,PERSONS_FULLY_VACCINATED,PERSONS_FULLY_VACCINATED_PER100,VACCINES_USED,FIRST_VACCINE_DATE,NUMBER_VACCINES_TYPES_USED,PERSONS_BOOSTER_ADD_DOSE,PERSONS_BOOSTER_ADD_DOSE_PER100
Afghanistan,AFG,EMRO,REPORTING,2022-12-05,12304901,11320910,31.609,29.081,,,"AstraZeneca - Vaxzevria,Beijing CNBG - BBIBP-CorV,Bharat - Covaxin,CanSino - Convidecia,Gamaleya - Gam-Covid-Vac,Gamaleya - Sputnik-Light,Janssen - Ad26.COV 2-S,Moderna - Spikevax,Pfizer BioNTech - Comirnaty,SII - Covishield,Sinovac - CoronaVac",2021-02-22,11,,
Albania,ALB,EURO,REPORTING,2022-11-27,3017443,1341413,104.9,47.134,,,"AstraZeneca - Vaxzevria,Gamaleya - Gam-Covid-Vac,Pfizer BioNTech - Comirnaty,SII - Covishield,Sinovac - CoronaVac",2021-01-13,5,,
Algeria,DZA,AFRO,REPORTING,2022-09-04,15267442,7840131,34.817,17.879,,,"Beijing CNBG - BBIBP-CorV,Gamaleya - Gam-Covid-Vac,SII - Covishield,Sinovac - CoronaVac",2021-01-30,4,,
American Samoa,ASM,WPRO,REPORTING,2022-08-23,111316,44885,201.67,81.318,,,"Janssen - Ad26.COV 2-S,Moderna - Spikevax,Pfizer BioNTech - Comirnaty",2020-12-21,3,,
Andorra,AND,EURO,REPORTING,2022-11-13,154367,57901,199.8,76.009,,,"AstraZeneca - Vaxzevria,Moderna - Spikevax,Pfizer BioNTech - Comirnaty",2021-01-20,3,,
Angola,AGO,AFRO,REPORTING,2022-12-04,23468138,14887847,71.405,45.298,,,SII - Covishield,2021-03-10,1,,
Anguilla,AIA,AMRO,REPORTING,2022-12-02,24441,10852,162.918,72.337,,,"AstraZeneca - Vaxzevria,Pfizer BioNTech - Comirnaty",2021-02-05,2,,
Antigua and Barbuda,ATG,AMRO,REPORTING,2022-12-02,136512,64290,139.399,65.65,,,"AstraZeneca - Vaxzevria,Beijing CNBG - BBIBP-CorV,Gamaleya - Gam-Covid-Vac,Janssen - Ad26.COV 2-S,Pfizer BioNTech - Comirnaty,SII - Covishield",2021-03-01,6,,
Argentina,ARG,AMRO,REPORTING,2022-10-07,109652736,41324100,242.617,91.434,,,"AstraZeneca - Vaxzevria,Beijing CNBG - BBIBP-CorV,CanSino - Convidecia,Gamaleya - Gam-Covid-Vac,Moderna - Spikevax,Pfizer BioNTech - Comirnaty,SII - Covishield",2020-12-29,7,,
Armenia,ARM,EURO,REPORTING,2022-05-22,2150112,1129669,72.6,38.123,,,"AstraZeneca - Vaxzevria,Beijing CNBG - BBIBP-CorV,Gamaleya - Gam-Covid-Vac,Gamaleya - Sputnik-Light,Moderna - Spikevax,Pfizer BioNTech - Comirnaty,Sinovac - CoronaVac,Wuhan CNBG - Inactivated",2021-06-16,8,,
Aruba,ABW,AMRO,REPORTING,2022-12-02,173993,90082,162.967,84.373,,,"Janssen - Ad26.COV 2-S,Pfizer BioNTech - Comirnaty",2021-02-17,2,,
Australia,AUS,WPRO,REPORTING,2022-11-23,64248569,22236640,251.956,87.203,,,"AstraZeneca - Vaxzevria,Janssen - Ad26.COV 2-S,Moderna - Spikevax,Novavax-NUVAXOVID,Pfizer BioNTech - Comirnaty",2021-02-21,5,,
Austria,AUT,EURO,REPORTING,2022-11-27,20106580,6894509,225.9,77.564,,,"AstraZeneca - Vaxzevria,Janssen - Ad26.COV 2-S,Moderna - Spikevax,Moderna – Spikevax Bivalent Original/Omicron BA.1,Novavax-NUVAXOVID,Pfizer BioNTech - Comirnaty,Pfizer BioNTech - Comirnaty Bivalent Original/Omicron BA.1,Pfizer BioNTech - Comirnaty Bivalent Original/Omicron BA.4/BA.5,Unknown Vaccine,Valneva - VLA2001",2020-12-30,10,,
Azerbaijan,AZE,EURO,REPORTING,2022-11-27,13782213,5415922,135.9,53.416,,,"AstraZeneca - Vaxzevria,Gamaleya - Gam-Covid-Vac,Gamaleya - Sputnik-Light,Pfizer BioNTech - Comirnaty,Sinovac - CoronaVac",2021-01-20,5,,
Bahamas,BHS,AMRO,REPORTING,2022-12-02,364701,174147,92.742,44.285,,,"AstraZeneca - Vaxzevria,Janssen - Ad26.COV 2-S,Pfizer BioNTech - Comirnaty,SII - Covishield",2021-03-14,4,,
Bahrain,BHR,EMRO,REPORTING,2022-12-01,3476024,1241104,204.283,72.939,,,"AstraZeneca - Vaxzevria,Beijing CNBG - BBIBP-CorV,Bharat - Covaxin,CanSino - Convidecia,Gamaleya - Gam-Covid-Vac,Gamaleya - Sputnik-Light,Janssen - Ad26.COV 2-S,Moderna - Spikevax,Pfizer BioNTech - Comirnaty,SII - Covishield,Sinovac - CoronaVac",2020-11-04,11,,
Bangladesh,BGD,SEARO,REPORTING,2022-12-06,339008530,149342661,205.847,90.681,,,"AstraZeneca - Vaxzevria,Beijing CNBG - BBIBP-CorV,Gamaleya - Gam-Covid-Vac,Janssen - Ad26.COV 2-S,Moderna - Spikevax,Pfizer BioNTech - Comirnaty,SII - Covishield,Sinovac - CoronaVac",2021-01-27,8,,
Barbados,BRB,AMRO,REPORTING,2022-12-02,380962,163820,132.566,57.006,,,"AstraZeneca - Vaxzevria,Beijing CNBG - BBIBP-CorV,Janssen - Ad26.COV 2-S,Pfizer BioNTech - Comirnaty,SII - Covishield",2021-01-08,5,,
Belarus,BLR,EURO,REPORTING,2022-11-20,16797551,6517478,177.8,68.973,,,"Beijing CNBG - BBIBP-CorV,Chumakov - Covi-Vac,Gamaleya - Gam-Covid-Vac,Gamaleya - Sputnik-Light",2021-02-03,4,,
Belgium,BEL,EURO,REPORTING,2022-11-27,29016749,9252274,251.8,80.298,,,"AstraZeneca - Vaxzevria,Janssen - Ad26.COV 2-S,Moderna - Spikevax,Pfizer BioNTech - Comirnaty",2020-12-30,4,,
Belize,BLZ,AMRO,REPORTING,2022-12-02,501761,251773,126.189,63.319,,,"AstraZeneca - Vaxzevria,Beijing CNBG - BBIBP-CorV,Janssen - Ad26.COV 2-S,Pfizer BioNTech - Comirnaty,SII - Covishield",2021-03-01,5,,
Benin,BEN,AFRO,REPORTING,2022-11-06,3694544,3209393,30.475,26.473,,,"AstraZeneca - Vaxzevria,Janssen - Ad26.COV 2-S,Pfizer BioNTech - Comirnaty,SII - Covishield,Sinovac - CoronaVac",2021-03-29,5,,
Bermuda,BMU,AMRO,REPORTING,2022-12-02,132042,48554,212.037,77.97,,,"AstraZeneca - Vaxzevria,Moderna - Spikevax,Pfizer BioNTech - Comirnaty",2021-01-11,3,,
Bhutan,BTN,SEARO,REPORTING,2022-10-30,2011426,699116,260.68,90.605,,,"AstraZeneca - Vaxzevria,Beijing CNBG - BBIBP-CorV,Moderna - Spikevax,Pfizer BioNTech - Comirnaty,SII - Covishield",2021-03-27,5,,
Bolivia (Plurinational State of),BOL,AMRO,REPORTING,2022-12-02,15475852,7420909,132.578,63.573,,,"AstraZeneca - Vaxzevria,Beijing CNBG - BBIBP-CorV,Gamaleya - Gam-Covid-Vac,Janssen - Ad26.COV 2-S,Moderna - Spikevax,Pfizer BioNTech - Comirnaty,SII - Covishield",2021-01-30,7,,
Bonaire,XAA,AMRO,REPORTING,2022-12-02,41537,17460,198.599,83.481,,,,,,,
"Bonaire, Sint Eustatius and Saba",BES,AMRO,OWID,2021-09-01,35845,19109,137.934,73.533,,,"Moderna - mRNA-1273, Pfizer BioNTech - Comirnaty",,2,,
Bosnia and Herzegovina,BIH,EURO,REPORTING,2022-01-29,1924950,943394,58.7,28.755,,,"AstraZeneca - AZD1222, Pfizer BioNTech - Comirnaty, Sinovac - CoronaVac, Gamaleya - Sputnik V",,4,,
Botswana,BWA,AFRO,REPORTING,2022-12-04,3099433,1684721,131.8,71.641,,,"Bharat - Covaxin,Janssen - Ad26.COV 2-S,Moderna - Spikevax,Pfizer BioNTech - Comirnaty,SII - Covishield,Sinovac - CoronaVac",2021-03-26,6,,
Brazil,BRA,AMRO,REPORTING,2022-12-02,493700899,185777805,232.265,87.4,,,"AstraZeneca - Vaxzevria,Janssen - Ad26.COV 2-S,Pfizer BioNTech - Comirnaty,SII - Covishield,Sinovac - CoronaVac",2021-01-17,5,,
British Virgin Islands,VGB,AMRO,REPORTING,2022-12-02,41453,19466,137.094,64.378,,,"AstraZeneca - Vaxzevria,Janssen - Ad26.COV 2-S",2021-02-11,2,,
Brunei Darussalam,BRN,WPRO,REPORTING,2022-11-25,1283392,450404,293.361,102.954,,,"AstraZeneca - Vaxzevria,Beijing CNBG - BBIBP-CorV,Janssen - Ad26.COV 2-S,Moderna - Spikevax,Pfizer BioNTech - Comirnaty",2021-04-03,5,,
Bulgaria,BGR,EURO,REPORTING,2022-11-27,4596082,2104485,66.1,30.274,,,"AstraZeneca - Vaxzevria,Janssen - Ad26.COV 2-S,Moderna - Spikevax,Pfizer BioNTech - Comirnaty",2020-12-30,4,,
Burkina Faso,BFA,AFRO,REPORTING,2022-11-27,5117982,4366726,24.484,20.89,,,"Beijing CNBG - BBIBP-CorV,Janssen - Ad26.COV 2-S,SII - Covishield",2021-06-02,3,,
Burundi,BDI,AFRO,REPORTING,2022-12-04,29516,27578,0.248,0.232,,,Beijing CNBG - BBIBP-CorV,2021-10-18,1,,
Cabo Verde,CPV,AFRO,REPORTING,2022-09-25,859940,356734,154.669,64.162,,,"Beijing CNBG - BBIBP-CorV,Moderna - Spikevax,Pfizer BioNTech - Comirnaty,SII - Covishield",2021-03-18,4,,
Cambodia,KHM,WPRO,REPORTING,2022-12-02,44981700,15228855,269.046,91.087,,,"AstraZeneca - Vaxzevria,Beijing CNBG - BBIBP-CorV,Janssen - Ad26.COV 2-S,Moderna - Spikevax,Pfizer BioNTech - Comirnaty,SII - Covishield,Sinovac - CoronaVac",2021-02-10,7,,
Cameroon,CMR,AFRO,REPORTING,2022-12-04,3569131,3232494,13.445,12.177,,,"Beijing CNBG - BBIBP-CorV,Janssen - Ad26.COV 2-S,Pfizer BioNTech - Comirnaty,SII - Covishield",2021-04-12,4,,
Canada,CAN,AMRO,REPORTING,2022-12-02,91988426,32557558,243.729,86.263,,,"AstraZeneca - Vaxzevria,Janssen - Ad26.COV 2-S,Moderna - Spikevax,Pfizer BioNTech - Comirnaty,SII - Covishield",2020-12-14,5,,
Cayman Islands,CYM,AMRO,REPORTING,2022-12-02,149370,61818,227.282,94.063,,,Pfizer BioNTech - Comirnaty,2021-01-15,1,,
Central African Republic,CAF,AFRO,REPORTING,2022-12-04,1997710,1962326,41.362,40.63,,,"Bharat - Covaxin,SII - Covishield",2021-03-19,2,,
Chad,TCD,AFRO,REPORTING,2022-11-13,3887776,3749370,23.669,22.826,,,Beijing CNBG - BBIBP-CorV,2021-06-04,1,,
Chile,CHL,AMRO,REPORTING,2022-12-02,63457008,18079923,331.954,94.579,,,"AstraZeneca - Vaxzevria,CanSino - Convidecia,Moderna - Spikevax,Pfizer BioNTech - Comirnaty,Sinovac - CoronaVac",2020-12-21,5,,
China,CHN,WPRO,REPORTING,2022-11-29,3465113661,1307511577,235.516,88.869,,,"Anhui ZL - Zifivax,Beijing CNBG - BBIBP-CorV,CanSino - Convidecia,IMB - Covidful,Pfizer BioNTech - Comirnaty,Shenzhen - LV-SMENP-DC,Sinovac - CoronaVac,Wuhan CNBG - Inactivated",2020-07-22,8,,
Colombia,COL,AMRO,REPORTING,2022-12-02,89627825,42886655,176.145,84.285,,,"AstraZeneca - Vaxzevria,Janssen - Ad26.COV 2-S,Moderna - Spikevax,Pfizer BioNTech - Comirnaty,Sinovac - CoronaVac",2021-02-17,5,,
Comoros,COM,AFRO,REPORTING,2022-10-02,835021,438825,96.023,50.463,,,"Beijing CNBG - BBIBP-CorV,Bharat - Covaxin,SII - Covishield",2021-04-10,3,,
Congo,COG,AFRO,REPORTING,2022-07-31,833210,695760,15.1,12.609,,,"Beijing CNBG - BBIBP-CorV,Gamaleya - Gam-Covid-Vac,Moderna - Spikevax,SII - Covishield",2021-03-23,4,,
Cook Islands,COK,WPRO,REPORTING,2022-05-10,39612,15020,225.529,85.516,,,Pfizer BioNTech - Comirnaty,2021-05-17,1,,
Costa Rica,CRI,AMRO,REPORTING,2022-12-02,12560236,4580458,246.564,89.917,,,"AstraZeneca - Vaxzevria,Moderna - Spikevax,Pfizer BioNTech - Comirnaty",2020-12-24,3,,
Côte d’Ivoire,CIV,AFRO,REPORTING,2022-11-20,21695732,12340126,82.248,46.781,,,"Beijing CNBG - BBIBP-CorV,Gamaleya - Gam-Covid-Vac,Janssen - Ad26.COV 2-S,Pfizer BioNTech - Comirnaty,SII - Covishield",2021-03-01,5,,
Croatia,HRV,EURO,REPORTING,2022-10-23,5357755,2317461,132,57.141,,,"AstraZeneca - Vaxzevria,Janssen - Ad26.COV 2-S,Moderna - Spikevax,Novavax-NUVAXOVID,Pfizer BioNTech - Comirnaty,Unknown Vaccine",2020-12-23,6,,
Cuba,CUB,AMRO,REPORTING,2022-12-02,37948799,10714892,335.041,94.599,,,"CIGB - CIGB-66,Finlay - Soberana Plus,Finlay - Soberana-02",,3,,
Curaçao,CUW,AMRO,REPORTING,2022-12-02,256029,108601,156.027,66.183,,,"AstraZeneca - Vaxzevria,Moderna - Spikevax,Pfizer BioNTech - Comirnaty",2021-02-24,3,,
Cyprus,CYP,EURO,REPORTING,2022-11-27,1837359,667678,206.9,75.189,,,"AstraZeneca - Vaxzevria,Janssen - Ad26.COV 2-S,Moderna - Spikevax,Novavax-NUVAXOVID,Pfizer BioNTech - Comirnaty",2020-12-23,5,,
Czechia,CZE,EURO,REPORTING,2022-11-27,18521666,6969497,173.2,65.172,,,"AstraZeneca - Vaxzevria,Janssen - Ad26.COV 2-S,Moderna - Spikevax,Novavax-NUVAXOVID,Pfizer BioNTech - Comirnaty,Pfizer BioNTech - Comirnaty Bivalent Original/Omicron BA.1,Pfizer BioNTech - Comirnaty Bivalent Original/Omicron BA.4/BA.5",2020-12-23,7,,
Democratic Republic of the Congo,COD,AFRO,REPORTING,2022-10-23,6185534,6577469,6.906,7.344,,,SII - Covishield,2021-04-19,1,,
Denmark,DNK,EURO,REPORTING,2022-11-27,15087203,4810945,259.1,82.623,,,"AstraZeneca - Vaxzevria,Janssen - Ad26.COV 2-S,Moderna - Spikevax,Pfizer BioNTech - Comirnaty,Unknown Vaccine",2020-12-16,5,,
Djibouti,DJI,EMRO,REPORTING,2022-12-01,329146,308523,33.314,31.227,,,"AstraZeneca - Vaxzevria,Beijing CNBG - BBIBP-CorV,Bharat - Covaxin,CanSino - Convidecia,Gamaleya - Gam-Covid-Vac,Gamaleya - Sputnik-Light,Janssen - Ad26.COV 2-S,Moderna - Spikevax,Pfizer BioNTech - Comirnaty,SII - Covishield,Sinovac - CoronaVac",2021-03-15,11,,
Dominica,DMA,AMRO,REPORTING,2022-12-02,67647,32995,93.966,45.832,,,"AstraZeneca - Vaxzevria,Beijing CNBG - BBIBP-CorV,Moderna - Spikevax,Pfizer BioNTech - Comirnaty,SII - Covishield",2021-02-12,5,,
Dominican Republic,DOM,AMRO,REPORTING,2022-12-02,15864270,7296415,146.243,67.261,,,"AstraZeneca - Vaxzevria,SII - Covishield,Sinovac - CoronaVac",2021-02-16,3,,
Ecuador,ECU,AMRO,REPORTING,2022-12-02,39035363,15303829,221.251,86.741,,,"AstraZeneca - Vaxzevria,CanSino - Convidecia,Pfizer BioNTech - Comirnaty,Sinovac - CoronaVac",2021-01-20,4,,
Egypt,EGY,EMRO,REPORTING,2022-12-04,100825424,53675774,98.525,52.451,,,"AstraZeneca - Vaxzevria,Beijing CNBG - BBIBP-CorV,Bharat - Covaxin,CanSino - Convidecia,Gamaleya - Gam-Covid-Vac,Gamaleya - Sputnik-Light,Janssen - Ad26.COV 2-S,Moderna - Spikevax,Pfizer BioNTech - Comirnaty,Sinovac - CoronaVac",2021-01-24,10,,
El Salvador,SLV,AMRO,REPORTING,2022-12-02,11335918,4641687,174.77,71.562,,,"AstraZeneca - Vaxzevria,Beijing CNBG - BBIBP-CorV,Moderna - Spikevax,Pfizer BioNTech - Comirnaty,SII - Covishield,Sinovac - CoronaVac",2021-02-17,6,,
Equatorial Guinea,GNQ,AFRO,REPORTING,2022-07-24,488738,270109,34.836,19.252,,,"Beijing CNBG - BBIBP-CorV,Sinovac - CoronaVac",2021-02-12,2,,
Eritrea,ERI,AFRO,REPORTING,2022-07-03,,0,,0,,,,,,,
Estonia,EST,EURO,REPORTING,2022-11-27,2179415,844474,164,63.543,,,"AstraZeneca - Vaxzevria,Janssen - Ad26.COV 2-S,Moderna - Spikevax,Moderna – Spikevax Bivalent Original/Omicron BA.1,Novavax-NUVAXOVID,Pfizer BioNTech - Comirnaty,Pfizer BioNTech - Comirnaty Bivalent Original/Omicron BA.1,Pfizer BioNTech - Comirnaty Bivalent Original/Omicron BA.4/BA.5",2020-12-23,8,,
Eswatini,SWZ,AFRO,REPORTING,2022-09-25,773579,492300,66.678,42.434,,,"Janssen - Ad26.COV 2-S,Pfizer BioNTech - Comirnaty,SII - Covishield",2021-03-19,3,,
Ethiopia,ETH,AFRO,REPORTING,2022-07-31,52509414,43111242,45.675,37.5,,,"Beijing CNBG - BBIBP-CorV,Bharat - Covaxin,Janssen - Ad26.COV 2-S,SII - Covishield",2021-03-13,4,,
Falkland Islands (Malvinas),FLK,AMRO,REPORTING,2022-06-21,9390,3220,269.595,92.449,,,AstraZeneca - AZD1222,,1,,
Faroe Islands,FRO,EURO,OWID,2022-02-18,103894,41715,212.614,85.368,,,"Moderna - mRNA-1273, Pfizer BioNTech - Comirnaty",,2,,
Fiji,FJI,WPRO,REPORTING,2022-11-03,1545993,710767,172.458,79.287,,,"AstraZeneca - Vaxzevria,Moderna - Spikevax,SII - Covishield",2021-03-07,3,,
Finland,FIN,EURO,REPORTING,2022-11-27,12895685,4543737,233.4,82.235,,,"AstraZeneca - Vaxzevria,Janssen - Ad26.COV 2-S,Moderna - Spikevax,Pfizer BioNTech - Comirnaty,Unknown Vaccine",2020-12-23,5,,
France,FRA,EURO,REPORTING,2022-10-16,153069144,53664707,227.4,79.716,,,"AstraZeneca - Vaxzevria,Janssen - Ad26.COV 2-S,Moderna - Spikevax,Novavax-NUVAXOVID,Pfizer BioNTech - Comirnaty,Unknown Vaccine",2020-12-30,6,,
French Guiana,GUF,AMRO,REPORTING,2022-12-02,237478,99427,79.509,33.289,,,"Moderna - Spikevax,Pfizer BioNTech - Comirnaty",2021-01-13,2,,
French Polynesia,PYF,WPRO,REPORTING,2022-09-30,498258,190658,177.374,67.872,,,"Janssen - Ad26.COV 2-S,Pfizer BioNTech - Comirnaty",2021-01-18,2,,
Gabon,GAB,AFRO,REPORTING,2022-11-27,572672,311040,25.73,13.975,,,"Beijing CNBG - BBIBP-CorV,Gamaleya - Gam-Covid-Vac,Pfizer BioNTech - Comirnaty",2021-03-23,3,,
Gambia,GMB,AFRO,REPORTING,2022-11-13,815861,934799,33.76,38.681,,,"Beijing CNBG - BBIBP-CorV,SII - Covishield",2021-03-10,2,,
Georgia,GEO,EURO,REPORTING,2022-11-13,2726457,1295757,68.3,32.482,,,"AstraZeneca - Vaxzevria,Beijing CNBG - BBIBP-CorV,Pfizer BioNTech - Comirnaty,Sinovac - CoronaVac",2021-03-17,4,,
Germany,DEU,EURO,REPORTING,2022-11-27,191799871,64810024,230.6,77.928,,,"AstraZeneca - Vaxzevria,Janssen - Ad26.COV 2-S,Moderna - Spikevax,Moderna – Spikevax Bivalent Original/Omicron  - Generic,Novavax-NUVAXOVID,Pfizer BioNTech - Comirnaty,Pfizer BioNTech - Comirnaty Bivalent Original/Omicron - Generic,Unknown Vaccine,Valneva - VLA2001",2020-12-23,9,,
Ghana,GHA,AFRO,REPORTING,2022-11-27,20869800,12034108,67.164,38.729,,,"Gamaleya - Gam-Covid-Vac,SII - Covishield",2021-03-02,2,,
Gibraltar,GIB,EURO,OWID,2022-04-21,119855,42074,355.748,124.882,,,"AstraZeneca - AZD1222, Pfizer BioNTech - Comirnaty",,2,,
Greece,GRC,EURO,REPORTING,2022-11-27,21823640,7912823,203.6,73.824,,,"AstraZeneca - Vaxzevria,Janssen - Ad26.COV 2-S,Moderna - Spikevax,Novavax-NUVAXOVID,Pfizer BioNTech - Comirnaty,Pfizer BioNTech - Comirnaty Bivalent Original/Omicron BA.1,Pfizer BioNTech - Comirnaty Bivalent Original/Omicron BA.4/BA.5",2020-12-23,7,,
Greenland,GRL,EURO,OWID,2022-03-14,79738,41227,140.453,72.619,,,Moderna - mRNA-1273,,1,,
Grenada,GRD,AMRO,REPORTING,2022-12-02,90507,44180,80.434,39.263,,,"AstraZeneca - Vaxzevria,Janssen - Ad26.COV 2-S,Moderna - Spikevax,Pfizer BioNTech - Comirnaty,SII - Covishield",2021-02-15,5,,
Guadeloupe,GLP,AMRO,REPORTING,2022-12-02,390744,151036,97.656,37.747,,,"AstraZeneca - Vaxzevria,Janssen - Ad26.COV 2-S,Moderna - Spikevax,Novavax-NUVAXOVID,Pfizer BioNTech - Comirnaty",2021-01-08,7,,
Guam,GUM,WPRO,REPORTING,2022-08-23,368088,155225,218.094,91.972,,,"Janssen - Ad26.COV 2-S,Moderna - Spikevax,Pfizer BioNTech - Comirnaty",2021-01-04,3,,
Guatemala,GTM,AMRO,REPORTING,2022-12-02,19948076,8853795,111.345,49.42,,,"AstraZeneca - Vaxzevria,Gamaleya - Gam-Covid-Vac,Moderna - Spikevax,Pfizer BioNTech - Comirnaty,SII - Covishield",2021-02-25,5,,
Guernsey,GGY,EURO,OWID,2022-12-05,177394,,275.166,,,,"Moderna - mRNA-1273, AstraZeneca - AZD1222, Pfizer BioNTech - Comirnaty",,3,,
Guinea,GIN,AFRO,REPORTING,2022-12-04,8749048,6087292,66.62,46.352,,,"Beijing CNBG - BBIBP-CorV,Gamaleya - Gam-Covid-Vac,Janssen - Ad26.COV 2-S,Pfizer BioNTech - Comirnaty,SII - Covishield,Sinovac - CoronaVac",2021-03-05,6,,
Guinea-Bissau,GNB,AFRO,REPORTING,2022-12-04,673091,774740,34.202,39.367,,,"Beijing CNBG - BBIBP-CorV,SII - Covishield",2021-04-02,2,,
Guyana,GUY,AMRO,REPORTING,2022-12-02,953690,493404,121.249,62.73,,,"AstraZeneca - Vaxzevria,Beijing CNBG - BBIBP-CorV,Gamaleya - Gam-Covid-Vac,Janssen - Ad26.COV 2-S,Moderna - Spikevax,Pfizer BioNTech - Comirnaty,SII - Covishield",2021-02-11,7,,
Haiti,HTI,AMRO,REPORTING,2022-12-02,510611,398517,4.478,3.495,,,"Janssen - Ad26.COV 2-S,Moderna - Spikevax",,2,,
Honduras,HND,AMRO,REPORTING,2022-12-02,16591876,6420766,167.517,64.826,,,"AstraZeneca - Vaxzevria,Gamaleya - Gam-Covid-Vac,Janssen - Ad26.COV 2-S,Moderna - Spikevax,Pfizer BioNTech - Comirnaty,SII - Covishield",2021-02-22,6,,
Hungary,HUN,EURO,REPORTING,2022-11-27,16532868,6356618,169.2,65.066,,,"AstraZeneca - Vaxzevria,Beijing CNBG - BBIBP-CorV,Gamaleya - Gam-Covid-Vac,Janssen - Ad26.COV 2-S,Moderna - Spikevax,Pfizer BioNTech - Comirnaty,Pfizer BioNTech - Comirnaty Bivalent Original/Omicron BA.1,Sinovac - CoronaVac",2020-12-23,8,,
Iceland,ISL,EURO,REPORTING,2022-11-20,860357,307163,236.3,84.356,,,"AstraZeneca - Vaxzevria,Janssen - Ad26.COV 2-S,Moderna - Spikevax,Novavax-NUVAXOVID,Pfizer BioNTech - Comirnaty",2020-12-30,5,,
India,IND,SEARO,REPORTING,2022-12-06,2199517388,1025482125,159.385,74.31,,,"Bharat - Covaxin,Biological E - Corbevax,Gamaleya - Gam-Covid-Vac,Janssen - Ad26.COV 2-S,Moderna - Spikevax,SII - Covishield,SII - Covovax,Zydus - ZyCov-D",2021-01-16,8,,
Indonesia,IDN,SEARO,REPORTING,2022-12-06,442013256,203453456,161.6,74.382,,,"AstraZeneca - Vaxzevria,Beijing CNBG - BBIBP-CorV,Janssen - Ad26.COV 2-S,Moderna - Spikevax,Novavax-NUVAXOVID,Pfizer BioNTech - Comirnaty,Sinovac - CoronaVac",2021-01-13,7,,
Iran (Islamic Republic of),IRN,EMRO,REPORTING,2022-12-04,154742051,65106089,184.232,77.514,,,"AstraZeneca - Vaxzevria,Beijing CNBG - BBIBP-CorV,Bharat - Covaxin,CanSino - Convidecia,Finlay - Soberana-02,Gamaleya - Gam-Covid-Vac,Gamaleya - Sputnik-Light,Janssen - Ad26.COV 2-S,Moderna - Spikevax,Pfizer BioNTech - Comirnaty,Shifa - COVIran Barakat,Sinovac - CoronaVac",2021-02-09,12,,
Iraq,IRQ,EMRO,REPORTING,2022-11-29,19507805,11308015,48.5,28.114,,,"AstraZeneca - Vaxzevria,Beijing CNBG - BBIBP-CorV,Bharat - Covaxin,CanSino - Convidecia,Gamaleya - Gam-Covid-Vac,Gamaleya - Sputnik-Light,Janssen - Ad26.COV 2-S,Moderna - Spikevax,Pfizer BioNTech - Comirnaty,Sinovac - CoronaVac",2021-03-02,10,,
Ireland,IRL,EURO,REPORTING,2022-11-27,12083846,4102829,243.4,85.259,,,"AstraZeneca - Vaxzevria,Janssen - Ad26.COV 2-S,Moderna - Spikevax,Novavax-NUVAXOVID,Pfizer BioNTech - Comirnaty",2020-12-30,5,,
Isle of Man,IMN,EURO,OWID,2022-06-23,189994,69560,223.438,81.804,,,"Moderna - mRNA-1273, AstraZeneca - AZD1222, Pfizer BioNTech - Comirnaty",,3,,
Israel,ISR,EURO,REPORTING,2022-06-05,15026951,7055466,173.6,81.514,,,"AstraZeneca - Vaxzevria,Moderna - Spikevax,Pfizer BioNTech - Comirnaty",2020-12-16,3,,
Italy,ITA,EURO,REPORTING,2022-11-27,148917486,50570155,249.7,84.795,,,"AstraZeneca - Vaxzevria,Janssen - Ad26.COV 2-S,Moderna - Spikevax,Moderna – Spikevax Bivalent Original/Omicron BA.1,Novavax-NUVAXOVID,Pfizer BioNTech - Comirnaty,Pfizer BioNTech - Comirnaty Bivalent Original/Omicron BA.1,Pfizer BioNTech - Comirnaty Bivalent Original/Omicron BA.4/BA.5",2020-12-23,8,,
Jamaica,JAM,AMRO,REPORTING,2022-11-25,1495377,835930,50.5,28.23,,,"AstraZeneca - Vaxzevria,Beijing CNBG - BBIBP-CorV,Janssen - Ad26.COV 2-S,Pfizer BioNTech - Comirnaty,SII - Covishield",2021-03-10,5,,
Japan,JPN,WPRO,REPORTING,2022-11-30,349234331,104397006,276.126,82.543,,,"AstraZeneca - Vaxzevria,Moderna - Spikevax,Novavax-NUVAXOVID,Pfizer BioNTech - Comirnaty",2021-02-17,4,,
Jersey,JEY,EURO,OWID,2022-12-04,265104,84311,245.931,78.213,,,"Moderna - mRNA-1273, AstraZeneca - AZD1222, Pfizer BioNTech - Comirnaty",,3,,
Jordan,JOR,EMRO,REPORTING,2022-08-21,10057975,4821579,98.577,47.256,,,"AstraZeneca - Vaxzevria,Beijing CNBG - BBIBP-CorV,Bharat - Covaxin,CanSino - Convidecia,Gamaleya - Gam-Covid-Vac,Gamaleya - Sputnik-Light,Janssen - Ad26.COV 2-S,Moderna - Spikevax,Pfizer BioNTech - Comirnaty,Sinovac - CoronaVac",2021-01-13,10,,
Kazakhstan,KAZ,EURO,REPORTING,2022-11-27,33269784,12359460,177.2,65.823,,,"Beijing CNBG - BBIBP-CorV,Gamaleya - Gam-Covid-Vac,Pfizer BioNTech - Comirnaty,RIBSP - QazVac,Sinovac - CoronaVac",2021-04-07,5,,
Kenya,KEN,AFRO,REPORTING,2022-12-04,22921294,14161751,42.627,26.337,,,"Beijing CNBG - BBIBP-CorV,Janssen - Ad26.COV 2-S,Moderna - Spikevax,Pfizer BioNTech - Comirnaty,SII - Covishield",2021-03-05,5,,
Kiribati,KIR,WPRO,REPORTING,2022-11-01,193491,96184,161.986,80.523,,,"AstraZeneca - Vaxzevria,Beijing CNBG - BBIBP-CorV",2021-05-26,2,,
Kosovo,XKX,EURO,REPORTING,2022-10-23,1836162,904372,102.3,50.364,,,"AstraZeneca - Vaxzevria,Pfizer BioNTech - Comirnaty",2021-03-31,2,,
Kuwait,KWT,EMRO,REPORTING,2022-12-06,8252820,3454041,193.249,80.88,,,"AstraZeneca - Vaxzevria,Beijing CNBG - BBIBP-CorV,Bharat - Covaxin,CanSino - Convidecia,Gamaleya - Gam-Covid-Vac,Gamaleya - Sputnik-Light,Janssen - Ad26.COV 2-S,Moderna - Spikevax,Pfizer BioNTech - Comirnaty,Sinovac - CoronaVac",2020-12-28,10,,
Kyrgyzstan,KGZ,EURO,REPORTING,2022-11-27,3030932,1481907,46.5,22.714,,,"AstraZeneca - Vaxzevria,Beijing CNBG - BBIBP-CorV,Gamaleya - Gam-Covid-Vac,Moderna - Spikevax,Pfizer BioNTech - Comirnaty,RIBSP - QazVac",2021-03-31,6,,
Lao People's Democratic Republic,LAO,WPRO,REPORTING,2022-11-21,12788802,6089817,175.778,83.702,,,"AstraZeneca - Vaxzevria,Beijing CNBG - BBIBP-CorV,Gamaleya - Gam-Covid-Vac,Gamaleya - Sputnik-Light,Janssen - Ad26.COV 2-S,Pfizer BioNTech - Comirnaty,SII - Covishield,Sinovac - CoronaVac",2020-11-25,8,,
Latvia,LVA,EURO,REPORTING,2022-11-27,2904851,1303935,152.3,68.353,,,"AstraZeneca - Vaxzevria,Janssen - Ad26.COV 2-S,Moderna - Spikevax,Novavax-NUVAXOVID,Pfizer BioNTech - Comirnaty",2020-12-30,5,,
Lebanon,LBN,EMRO,REPORTING,2022-12-01,5812530,2739102,85.16,40.131,,,"AstraZeneca - Vaxzevria,Beijing CNBG - BBIBP-CorV,Bharat - Covaxin,CanSino - Convidecia,Gamaleya - Gam-Covid-Vac,Gamaleya - Sputnik-Light,Janssen - Ad26.COV 2-S,Moderna - Spikevax,Pfizer BioNTech - Comirnaty,Sinovac - CoronaVac",2021-02-14,10,,
Lesotho,LSO,AFRO,REPORTING,2022-12-04,1253593,996759,58.518,46.529,,,"Beijing CNBG - BBIBP-CorV,Janssen - Ad26.COV 2-S,SII - Covishield",2021-03-10,3,,
Liberia,LBR,AFRO,REPORTING,2022-11-27,4372595,3825381,86.455,75.635,,,SII - Covishield,2021-04-01,1,,
Libya,LBY,EMRO,REPORTING,2022-10-02,3716080,2308724,54.081,33.6,,,"AstraZeneca - Vaxzevria,Beijing CNBG - BBIBP-CorV,Bharat - Covaxin,CanSino - Convidecia,Gamaleya - Gam-Covid-Vac,Gamaleya - Sputnik-Light,Janssen - Ad26.COV 2-S,Moderna - Spikevax,Pfizer BioNTech - Comirnaty,Sinovac - CoronaVac",2021-04-11,10,,
Liechtenstein,LIE,OTHER,REPORTING,2022-04-10,71104,26681,183.5,68.86,,,"Janssen - Ad26.COV 2-S,Moderna - Spikevax,Pfizer BioNTech - Comirnaty",2021-01-06,3,,
Lithuania,LTU,EURO,REPORTING,2022-11-27,4518246,1955464,161.7,70.14,,,"AstraZeneca - Vaxzevria,Janssen - Ad26.COV 2-S,Moderna - Spikevax,Pfizer BioNTech - Comirnaty,Unknown Vaccine",2020-12-23,5,,
Luxembourg,LUX,EURO,REPORTING,2022-11-27,1329995,469159,212.4,74.933,,,"AstraZeneca - Vaxzevria,Janssen - Ad26.COV 2-S,Moderna - Spikevax,Moderna – Spikevax Bivalent Original/Omicron BA.1,Novavax-NUVAXOVID,Pfizer BioNTech - Comirnaty,Pfizer BioNTech - Comirnaty Bivalent Original/Omicron BA.1,Pfizer BioNTech - Comirnaty Bivalent Original/Omicron BA.4/BA.5",2020-12-30,8,,
Madagascar,MDG,AFRO,REPORTING,2022-12-04,2308343,1992277,8.336,7.195,,,"Beijing CNBG - BBIBP-CorV,Janssen - Ad26.COV 2-S,SII - Covishield",2021-05-10,3,,
Malawi,MWI,AFRO,REPORTING,2022-11-13,5930743,3920784,31.002,20.496,,,"Janssen - Ad26.COV 2-S,SII - Covishield",2021-03-11,2,,
Malaysia,MYS,WPRO,REPORTING,2022-12-04,72286349,28116144,223.34,86.869,,,"AstraZeneca - Vaxzevria,Beijing CNBG - BBIBP-CorV,CanSino - Convidecia,Gamaleya - Gam-Covid-Vac,Janssen - Ad26.COV 2-S,Moderna - Spikevax,Pfizer BioNTech - Comirnaty,Sinovac - CoronaVac",2021-02-24,8,,
Maldives,MDV,SEARO,REPORTING,2022-11-28,951398,399146,176.008,73.842,,,"AstraZeneca - Vaxzevria,Beijing CNBG - BBIBP-CorV,Gamaleya - Gam-Covid-Vac,Janssen - Ad26.COV 2-S,Moderna - Spikevax,Pfizer BioNTech - Comirnaty,SII - Covishield,Sinovac - CoronaVac",2021-02-01,8,,
Mali,MLI,AFRO,REPORTING,2022-12-04,4210150,3098178,20.79,15.299,,,SII - Covishield,2021-03-31,1,,
Malta,MLT,EURO,REPORTING,2022-11-13,1277583,450462,248.3,87.542,,,"AstraZeneca - Vaxzevria,Janssen - Ad26.COV 2-S,Moderna - Spikevax,Pfizer BioNTech - Comirnaty",2020-12-23,4,,
Marshall Islands,MHL,WPRO,REPORTING,2022-11-02,106154,43550,179.332,73.572,,,"Janssen - Ad26.COV 2-S,Moderna - Spikevax,Pfizer BioNTech - Comirnaty",2020-12-29,3,,
Martinique,MTQ,AMRO,REPORTING,2022-12-02,394538,150235,105.136,40.034,,,Pfizer BioNTech - Comirnaty,,1,,
Mauritania,MRT,AFRO,REPORTING,2022-11-27,3961981,2055354,85.21,44.204,,,"Beijing CNBG - BBIBP-CorV,SII - Covishield",2021-03-26,2,,
Mauritius,MUS,AFRO,REPORTING,2022-12-04,2612343,1123773,205.41,88.363,,,"Beijing CNBG - BBIBP-CorV,Bharat - Covaxin,SII - Covishield",2021-01-26,3,,
Mexico,MEX,AMRO,REPORTING,2022-12-02,225063079,99071001,174.558,76.839,,,"AstraZeneca - Vaxzevria,CanSino - Convidecia,Gamaleya - Gam-Covid-Vac,Janssen - Ad26.COV 2-S,Moderna - Spikevax,Pfizer BioNTech - Comirnaty,Sinovac - CoronaVac",2020-12-24,7,,
Micronesia (Federated States of),FSM,WPRO,REPORTING,2022-08-20,170346,70204,148.097,61.035,,,"AstraZeneca - Vaxzevria,Janssen - Ad26.COV 2-S,Moderna - Spikevax,Pfizer BioNTech - Comirnaty",2021-01-13,4,,
Monaco,MCO,EURO,REPORTING,2022-11-06,70473,25284,179.6,64.428,,,"AstraZeneca - Vaxzevria,Janssen - Ad26.COV 2-S,Moderna - Spikevax,Novavax - Covavax,Novavax-NUVAXOVID,Pfizer BioNTech - Comirnaty,Unknown Vaccine",2021-06-30,7,,
Mongolia,MNG,WPRO,REPORTING,2022-11-25,5663701,2283490,172.764,69.655,,,"AstraZeneca - Vaxzevria,Beijing CNBG - BBIBP-CorV,Gamaleya - Gam-Covid-Vac,Moderna - Spikevax,Pfizer BioNTech - Comirnaty,SII - Covishield",2021-02-23,6,,
Montenegro,MNE,EURO,REPORTING,2022-11-06,526975,272610,83.9,43.837,,,"AstraZeneca - Vaxzevria,Beijing CNBG - BBIBP-CorV,Gamaleya - Gam-Covid-Vac,Pfizer BioNTech - Comirnaty,Unknown Vaccine",2021-02-24,5,,
Montserrat,MSR,AMRO,REPORTING,2022-12-02,4564,2104,91.298,42.088,,,AstraZeneca - Vaxzevria,2021-02-08,1,,
Morocco,MAR,EMRO,REPORTING,2022-12-06,55348231,25013884,149.952,67.769,,,"AstraZeneca - Vaxzevria,Beijing CNBG - BBIBP-CorV,Bharat - Covaxin,CanSino - Convidecia,Gamaleya - Gam-Covid-Vac,Gamaleya - Sputnik-Light,Janssen - Ad26.COV 2-S,Moderna - Spikevax,Pfizer BioNTech - Comirnaty,Sinovac - CoronaVac",2021-01-28,10,,
Mozambique,MOZ,AFRO,REPORTING,2022-11-27,23615161,18684051,75.555,59.779,,,"Beijing CNBG - BBIBP-CorV,Janssen - Ad26.COV 2-S,SII - Covishield",2021-03-08,3,,
Myanmar,MMR,SEARO,REPORTING,2022-06-18,64549994,34777314,118.637,63.917,,,"Beijing CNBG - BBIBP-CorV,SII - Covishield",2021-01-27,2,,
Namibia,NAM,AFRO,REPORTING,2022-11-27,967122,599175,38.062,23.581,,,"Beijing CNBG - BBIBP-CorV,Janssen - Ad26.COV 2-S,Pfizer BioNTech - Comirnaty,SII - Covishield",2021-03-19,4,,
Nauru,NRU,WPRO,REPORTING,2022-07-11,24143,10493,222.845,96.853,,,"AstraZeneca - Vaxzevria,SII - Covishield",2021-04-09,2,,
Nepal,NPL,SEARO,REPORTING,2022-12-06,60184003,27484915,206.557,94.331,,,"AstraZeneca - Vaxzevria,Beijing CNBG - BBIBP-CorV,Bharat - Covaxin,Gamaleya - Gam-Covid-Vac,Janssen - Ad26.COV 2-S,Moderna - Spikevax,Pfizer BioNTech - Comirnaty,SII - Covishield",2021-01-27,8,,
Netherlands,NLD,EURO,REPORTING,2022-09-11,36105753,12776868,207.4,73.398,,,"AstraZeneca - Vaxzevria,Janssen - Ad26.COV 2-S,Moderna - Spikevax,Novavax-NUVAXOVID,Pfizer BioNTech - Comirnaty,Unknown Vaccine",2021-01-06,6,,
New Caledonia,NCL,WPRO,REPORTING,2022-09-26,469252,191568,164.363,67.1,,,"Janssen - Ad26.COV 2-S,Pfizer BioNTech - Comirnaty",2021-01-20,2,,
New Zealand,NZL,WPRO,REPORTING,2022-12-02,11909047,4251486,246.961,88.164,,,"AstraZeneca - Vaxzevria,Janssen - Ad26.COV 2-S,Novavax-NUVAXOVID,Pfizer BioNTech - Comirnaty",2021-02-19,4,,
Nicaragua,NIC,AMRO,REPORTING,2022-12-02,12020538,6142306,181.454,92.72,,,"AstraZeneca - Vaxzevria,CIGB - CIGB-66,Finlay - Soberana Plus,Finlay - Soberana-02,Gamaleya - Gam-Covid-Vac,Gamaleya - Sputnik-Light,Janssen - Ad26.COV 2-S,Pfizer BioNTech - Comirnaty,SII - Covishield",2021-03-03,9,,
Niger,NER,AFRO,REPORTING,2022-10-30,7042134,5935299,29.092,24.519,,,"Beijing CNBG - BBIBP-CorV,SII - Covishield",2021-03-29,2,,
Nigeria,NGA,AFRO,REPORTING,2022-11-13,91552088,63982167,44.413,31.038,,,SII - Covishield,2021-03-05,1,,
Niue,NIU,WPRO,REPORTING,2022-10-05,4048,1255,250.185,77.565,,,Pfizer BioNTech - Comirnaty,2021-06-08,1,,
North Macedonia,MKD,EURO,REPORTING,2022-11-27,1862505,854425,89.4,41.152,,,"AstraZeneca - Vaxzevria,Beijing CNBG - BBIBP-CorV,Gamaleya - Gam-Covid-Vac,Moderna - Spikevax,Pfizer BioNTech - Comirnaty,Sinovac - CoronaVac,Wuhan CNBG - Inactivated",2021-02-17,7,,
Northern Mariana Islands (Commonwealth of the),MNP,WPRO,REPORTING,2022-11-04,116159,46466,201.816,80.73,,,"Janssen - Ad26.COV 2-S,Moderna - Spikevax,Pfizer BioNTech - Comirnaty",2020-12-19,3,,
Norway,NOR,EURO,REPORTING,2022-11-27,12181101,4345181,226.9,80.952,,,"AstraZeneca - Vaxzevria,Janssen - Ad26.COV 2-S,Moderna - Spikevax,Pfizer BioNTech - Comirnaty",2020-12-23,4,,
occupied Palestinian territory,PSE,EMRO,REPORTING,2022-10-18,3748571,2012767,73.481,39.455,,,"AstraZeneca - Vaxzevria,Beijing CNBG - BBIBP-CorV,Bharat - Covaxin,CanSino - Convidecia,Gamaleya - Gam-Covid-Vac,Gamaleya - Sputnik-Light,Janssen - Ad26.COV 2-S,Moderna - Spikevax,Pfizer BioNTech - Comirnaty,Sinovac - CoronaVac",2021-02-02,10,,
Oman,OMN,EMRO,REPORTING,2022-10-25,7086050,3257365,138.762,63.787,,,"AstraZeneca - Vaxzevria,Beijing CNBG - BBIBP-CorV,Bharat - Covaxin,CanSino - Convidecia,Gamaleya - Gam-Covid-Vac,Gamaleya - Sputnik-Light,Janssen - Ad26.COV 2-S,Moderna - Spikevax,Pfizer BioNTech - Comirnaty,SII - Covishield,Sinovac - CoronaVac",2020-12-29,11,,
Pakistan,PAK,EMRO,REPORTING,2022-12-04,316652198,154656277,143.351,70.014,,,"AstraZeneca - Vaxzevria,Beijing CNBG - BBIBP-CorV,Bharat - Covaxin,CanSino - Convidecia,Gamaleya - Gam-Covid-Vac,Gamaleya - Sputnik-Light,Janssen - Ad26.COV 2-S,Moderna - Spikevax,Pfizer BioNTech - Comirnaty,SII - Covishield,Sinovac - CoronaVac",2021-02-03,11,,
Palau,PLW,WPRO,REPORTING,2022-11-21,53177,20100,293.925,111.099,,,"Janssen - Ad26.COV 2-S,Moderna - Spikevax,Pfizer BioNTech - Comirnaty",2021-01-03,3,,
Panama,PAN,AMRO,REPORTING,2022-12-02,8674471,3514297,201.041,81.448,,,"AstraZeneca - Vaxzevria,Pfizer BioNTech - Comirnaty",2021-01-20,2,,
Papua New Guinea,PNG,WPRO,REPORTING,2022-11-27,502119,364894,5.612,4.078,,,"AstraZeneca - Vaxzevria,Beijing CNBG - BBIBP-CorV,Janssen - Ad26.COV 2-S,SII - Covishield",2021-03-30,4,,
Paraguay,PRY,AMRO,REPORTING,2022-12-02,9475354,3974532,132.847,55.724,,,"AstraZeneca - Vaxzevria,Beijing CNBG - BBIBP-CorV,Bharat - Covaxin,Gamaleya - Gam-Covid-Vac,Julphar - Hayat-Vax,Moderna - Spikevax,Pfizer BioNTech - Comirnaty,Sinovac - CoronaVac",2021-02-22,8,,
Peru,PER,AMRO,REPORTING,2022-12-02,85778584,29943138,260.157,90.814,,,"AstraZeneca - Vaxzevria,Beijing CNBG - BBIBP-CorV,Moderna - Spikevax,Pfizer BioNTech - Comirnaty",2021-02-09,4,,
Philippines,PHL,WPRO,REPORTING,2022-12-01,169088496,78217768,154.304,71.379,,,"AstraZeneca - Vaxzevria,Beijing CNBG - BBIBP-CorV,Bharat - Covaxin,Gamaleya - Gam-Covid-Vac,Gamaleya - Sputnik-Light,Janssen - Ad26.COV 2-S,Julphar - Hayat-Vax,Moderna - Spikevax,Novavax-NUVAXOVID,Pfizer BioNTech - Comirnaty,Sinovac - CoronaVac",2021-03-01,11,,
Pitcairn Islands,PCN,WPRO,REPORTING,2022-02-28,138,55,276,110,,,AstraZeneca - Vaxzevria,2021-05-17,1,,
Poland,POL,EURO,REPORTING,2022-11-27,57813222,22910115,152.3,60.356,,,"AstraZeneca - Vaxzevria,Janssen - Ad26.COV 2-S,Moderna - Spikevax,Novavax-NUVAXOVID,Pfizer BioNTech - Comirnaty",2020-12-23,5,,
Portugal,PRT,EURO,REPORTING,2022-11-27,26968435,9769201,261.9,95.004,,,"AstraZeneca - Vaxzevria,Beijing CNBG - BBIBP-CorV,Bharat - Covaxin,Janssen - Ad26.COV 2-S,Moderna - Spikevax,Moderna – Spikevax Bivalent Original/Omicron BA.1,Novavax-NUVAXOVID,Pfizer BioNTech - Comirnaty,Pfizer BioNTech - Comirnaty Bivalent Original/Omicron BA.1,Pfizer BioNTech - Comirnaty Bivalent Original/Omicron BA.4/BA.5,Sinovac - CoronaVac",2020-12-23,11,,
Puerto Rico,PRI,AMRO,REPORTING,2022-12-02,7935039,3135599,277.366,109.604,,,"Janssen - Ad26.COV 2-S,Moderna - Spikevax,Novavax-NUVAXOVID,Pfizer BioNTech - Comirnaty",,4,,
Qatar,QAT,EMRO,REPORTING,2022-12-04,7598133,2849295,263.728,98.898,,,"AstraZeneca - Vaxzevria,Beijing CNBG - BBIBP-CorV,Bharat - Covaxin,CanSino - Convidecia,Gamaleya - Gam-Covid-Vac,Gamaleya - Sputnik-Light,Janssen - Ad26.COV 2-S,Moderna - Spikevax,Pfizer BioNTech - Comirnaty,Sinovac - CoronaVac",,10,,
Republic of Korea,KOR,WPRO,REPORTING,2022-10-27,131766256,45119824,257.009,88.006,,,"AstraZeneca - Vaxzevria,Janssen - Ad26.COV 2-S,Moderna - Spikevax,Novavax-NUVAXOVID,Pfizer BioNTech - Comirnaty",2021-02-26,5,,
Republic of Moldova,MDA,EURO,REPORTING,2022-11-13,2257287,1103268,56,27.349,,,"AstraZeneca - Vaxzevria,Beijing CNBG - BBIBP-CorV,Gamaleya - Gam-Covid-Vac,Janssen - Ad26.COV 2-S,Moderna - Spikevax,Pfizer BioNTech - Comirnaty,Sinovac - CoronaVac",2021-03-03,7,,
Romania,ROU,EURO,REPORTING,2022-11-27,16084967,8183886,83.2,42.34,,,"AstraZeneca - Vaxzevria,Janssen - Ad26.COV 2-S,Moderna - Spikevax,Pfizer BioNTech - Comirnaty",2021-01-27,4,,
Russian Federation,RUS,EURO,OWID,2022-12-04,181894298,87096991,124.6,59.682,,,"SRCVB - EpiVacCorona, Gamaleya - Sputnik V",,2,,
Rwanda,RWA,AFRO,REPORTING,2022-11-13,26106436,10572981,201.56,81.631,,,"Beijing CNBG - BBIBP-CorV,Gamaleya - Gam-Covid-Vac,Janssen - Ad26.COV 2-S,Moderna - Spikevax,Pfizer BioNTech - Comirnaty,SII - Covishield,Sinovac - CoronaVac",2021-03-05,7,,
Saba,XCA,AMRO,REPORTING,2022-12-02,4471,1687,231.298,87.274,,,,,,,
"Saint Helena, Ascension and Tristan da Cunha",SHN,AFRO,OWID,2021-05-05,7892,4361,129.995,71.833,,,AstraZeneca - AZD1222,,1,,
Saint Kitts and Nevis,KNA,AMRO,REPORTING,2022-12-02,64297,33794,120.877,63.532,,,"AstraZeneca - Vaxzevria,Pfizer BioNTech - Comirnaty,SII - Covishield",2021-02-22,3,,
Saint Lucia,LCA,AMRO,REPORTING,2022-12-02,122977,60140,66.971,32.751,,,"AstraZeneca - Vaxzevria,Janssen - Ad26.COV 2-S,Moderna - Spikevax,Pfizer BioNTech - Comirnaty,SII - Covishield",2021-02-17,5,,
Saint Vincent and the Grenadines,VCT,AMRO,REPORTING,2022-12-02,72979,37331,65.782,33.65,,,"AstraZeneca - Vaxzevria,Gamaleya - Gam-Covid-Vac,Gamaleya - Sputnik-Light,Pfizer BioNTech - Comirnaty,SII - Covishield",2021-02-01,5,,
Samoa,WSM,WPRO,REPORTING,2022-11-21,448933,191130,226.261,96.329,,,"AstraZeneca - Vaxzevria,Pfizer BioNTech - Comirnaty",2021-04-18,2,,
San Marino,SMR,EURO,REPORTING,2022-05-22,69338,26357,204.3,76.501,,,"Gamaleya - Gam-Covid-Vac,Pfizer BioNTech - Comirnaty",2021-02-24,2,,
Sao Tome and Principe,STP,AFRO,REPORTING,2022-11-27,227825,127438,103.954,58.149,,,"AstraZeneca - Vaxzevria,SII - Covishield",2021-03-15,2,,
Saudi Arabia,SAU,EMRO,REPORTING,2022-12-04,68148406,26951666,195.751,77.416,,,"AstraZeneca - Vaxzevria,Beijing CNBG - BBIBP-CorV,Bharat - Covaxin,CanSino - Convidecia,Gamaleya - Gam-Covid-Vac,Gamaleya - Sputnik-Light,Janssen - Ad26.COV 2-S,Moderna - Spikevax,Pfizer BioNTech - Comirnaty,Sinovac - CoronaVac",2021-01-06,10,,
Senegal,SEN,AFRO,REPORTING,2022-11-27,2709648,1949419,16.183,11.643,,,"Beijing CNBG - BBIBP-CorV,Janssen - Ad26.COV 2-S,SII - Covishield",2021-02-23,3,,
Serbia,SRB,EURO,REPORTING,2022-09-04,6717622,3396340,97,49.033,,,"AstraZeneca - Vaxzevria,Beijing CNBG - BBIBP-CorV,Gamaleya - Gam-Covid-Vac,Moderna - Spikevax,Pfizer BioNTech - Comirnaty",2020-12-23,5,,
Seychelles,SYC,AFRO,REPORTING,2022-12-04,219120,85770,222.803,87.212,,,"Beijing CNBG - BBIBP-CorV,Gamaleya - Gam-Covid-Vac,Julphar - Hayat-Vax,SII - Covishield",2021-01-10,4,,
Sierra Leone,SLE,AFRO,REPORTING,2022-12-04,5306646,3837130,66.524,48.103,,,"Beijing CNBG - BBIBP-CorV,SII - Covishield",2021-03-15,2,,
Singapore,SGP,WPRO,REPORTING,2022-11-28,14794080,5156279,252.875,88.136,,,"AstraZeneca - Vaxzevria,Beijing CNBG - BBIBP-CorV,Moderna - Spikevax,Pfizer BioNTech - Comirnaty",2020-12-30,4,,
Sint Eustatius,XBA,AMRO,REPORTING,2022-12-02,4257,1791,135.616,57.056,,,,,,,
Sint Maarten,SXM,AMRO,REPORTING,2022-12-02,65515,29788,152.78,69.465,,,"AstraZeneca - Vaxzevria,Moderna - Spikevax,Pfizer BioNTech - Comirnaty",2021-02-22,3,,
Slovakia,SVK,EURO,REPORTING,2022-11-27,7206716,2838869,132,52.014,,,"AstraZeneca - Vaxzevria,Gamaleya - Gam-Covid-Vac,Janssen - Ad26.COV 2-S,Moderna - Spikevax,Novavax-NUVAXOVID,Pfizer BioNTech - Comirnaty,Unknown Vaccine",2020-12-23,7,,
Slovenia,SVN,EURO,REPORTING,2022-11-27,3021424,1231337,144.2,58.751,,,"AstraZeneca - Vaxzevria,Janssen - Ad26.COV 2-S,Moderna - Spikevax,Novavax-NUVAXOVID,Pfizer BioNTech - Comirnaty,Unknown Vaccine",2020-12-23,6,,
Solomon Islands,SLB,WPRO,REPORTING,2022-10-30,551421,319077,80.279,46.453,,,"AstraZeneca - Vaxzevria,Beijing CNBG - BBIBP-CorV,Pfizer BioNTech - Comirnaty,SII - Covishield",2021-03-23,4,,
Somalia,SOM,EMRO,REPORTING,2022-11-15,8134037,7137557,51.179,44.909,,,"AstraZeneca - Vaxzevria,Beijing CNBG - BBIBP-CorV,Bharat - Covaxin,CanSino - Convidecia,Gamaleya - Gam-Covid-Vac,Gamaleya - Sputnik-Light,Janssen - Ad26.COV 2-S,Moderna - Spikevax,Pfizer BioNTech - Comirnaty,SII - Covishield,Sinovac - CoronaVac",2021-03-16,11,,
South Africa,ZAF,AFRO,REPORTING,2022-12-04,37989092,23934769,64.053,40.356,,,"Janssen - Ad26.COV 2-S,Pfizer BioNTech - Comirnaty",2021-02-17,2,,
South Sudan,SSD,AFRO,REPORTING,2022-12-04,2213231,2162941,19.772,19.323,,,"Janssen - Ad26.COV 2-S,SII - Covishield",2021-04-06,2,,
Spain,ESP,EURO,REPORTING,2022-11-27,109949263,41303567,232.3,87.262,,,"AstraZeneca - Vaxzevria,Janssen - Ad26.COV 2-S,Moderna - Spikevax,Pfizer BioNTech - Comirnaty",2020-12-30,4,,
Sri Lanka,LKA,SEARO,REPORTING,2022-10-30,40116590,17143761,187.345,80.061,,,"AstraZeneca - Vaxzevria,Beijing CNBG - BBIBP-CorV,Gamaleya - Gam-Covid-Vac,Moderna - Spikevax,Pfizer BioNTech - Comirnaty,SII - Covishield",2021-01-29,6,,
Sudan,SDN,EMRO,REPORTING,2022-11-28,13186858,9925691,30.073,22.636,,,"AstraZeneca - Vaxzevria,Beijing CNBG - BBIBP-CorV,Bharat - Covaxin,CanSino - Convidecia,Gamaleya - Gam-Covid-Vac,Gamaleya - Sputnik-Light,Janssen - Ad26.COV 2-S,Moderna - Spikevax,Pfizer BioNTech - Comirnaty,SII - Covishield,Sinovac - CoronaVac",2021-03-09,11,,
Suriname,SUR,AMRO,REPORTING,2022-12-02,554588,267820,94.538,45.654,,,"AstraZeneca - Vaxzevria,Beijing CNBG - BBIBP-CorV,Moderna - Spikevax,Pfizer BioNTech - Comirnaty,SII - Covishield",2021-02-23,5,,
Sweden,SWE,EURO,REPORTING,2022-11-27,23038166,7507732,223.1,72.696,,,"AstraZeneca - Vaxzevria,Moderna - Spikevax,Novavax-NUVAXOVID,Pfizer BioNTech - Comirnaty,Unknown Vaccine",2020-12-23,5,,
Switzerland,CHE,EURO,REPORTING,2022-11-27,16539329,6095004,191.1,70.822,,,"Janssen - Ad26.COV 2-S,Moderna - Spikevax,Moderna – Spikevax Bivalent Original/Omicron BA.1,Novavax-NUVAXOVID,Pfizer BioNTech - Comirnaty,Pfizer BioNTech - Comirnaty Bivalent Original/Omicron BA.1",2020-12-23,6,,
Syrian Arab Republic,SYR,EMRO,REPORTING,2022-10-16,4777586,3050850,27.299,17.433,,,"AstraZeneca - Vaxzevria,Beijing CNBG - BBIBP-CorV,Bharat - Covaxin,CanSino - Convidecia,Gamaleya - Gam-Covid-Vac,Gamaleya - Sputnik-Light,Janssen - Ad26.COV 2-S,Moderna - Spikevax,Pfizer BioNTech - Comirnaty,SII - Covishield,Sinovac - CoronaVac",2021-04-01,11,,
Tajikistan,TJK,EURO,REPORTING,2022-08-21,15441380,5282863,161.9,55.39,,,"AstraZeneca - Vaxzevria,Gamaleya - Gam-Covid-Vac,Moderna - Spikevax,Pfizer BioNTech - Comirnaty,SII - Covishield,Sinovac - CoronaVac",2021-03-24,6,,
Thailand,THA,SEARO,REPORTING,2022-11-11,137976764,57376849,197.675,82.202,,,"AstraZeneca - Vaxzevria,Beijing CNBG - BBIBP-CorV,Janssen - Ad26.COV 2-S,Moderna - Spikevax,Pfizer BioNTech - Comirnaty,SII - Covishield,SII - Covovax,Sinovac - CoronaVac",2021-02-28,8,,
The United Kingdom,GBR,EURO,REPORTING,2022-09-11,151248820,53813491,222.8,79.068,,,"AstraZeneca - Vaxzevria,Moderna - Spikevax,Pfizer BioNTech - Comirnaty",2020-12-21,3,,
Timor-Leste,TLS,SEARO,REPORTING,2022-12-07,1951724,873628,148.032,66.262,,,"AstraZeneca - Vaxzevria,Pfizer BioNTech - Comirnaty,SII - Covishield,Sinovac - CoronaVac",2021-04-07,4,,
Togo,TGO,AFRO,REPORTING,2022-12-04,3395775,2242455,41.018,27.087,,,SII - Covishield,2021-03-10,1,,
Tokelau,TKL,WPRO,REPORTING,2022-11-23,6342,2203,469.778,163.185,,,Pfizer BioNTech - Comirnaty,2021-07-20,1,,
Tonga,TON,WPRO,REPORTING,2022-11-29,203349,87217,192.392,82.518,,,"AstraZeneca - Vaxzevria,Pfizer BioNTech - Comirnaty",2021-04-14,2,,
Trinidad and Tobago,TTO,AMRO,REPORTING,2022-12-02,1583102,754346,113.12,53.902,,,"AstraZeneca - Vaxzevria,Beijing CNBG - BBIBP-CorV,Janssen - Ad26.COV 2-S,Pfizer BioNTech - Comirnaty,SII - Covishield",2021-02-17,5,,
Tunisia,TUN,EMRO,REPORTING,2022-11-29,13170075,7215716,111.435,61.054,,,"AstraZeneca - Vaxzevria,Beijing CNBG - BBIBP-CorV,Bharat - Covaxin,CanSino - Convidecia,Gamaleya - Gam-Covid-Vac,Gamaleya - Sputnik-Light,Janssen - Ad26.COV 2-S,Moderna - Spikevax,Pfizer BioNTech - Comirnaty,Sinovac - CoronaVac",2021-03-13,10,,
Turkey,TUR,EURO,REPORTING,2022-11-27,139624472,50966561,,61.88,,,"Pfizer BioNTech - Comirnaty, Sinovac - CoronaVac, Turkovac",,3,,
Turkmenistan,TKM,EURO,REPORTING,2022-09-04,13514000,3728000,224.1,61.812,,,"Anhui ZL - Zifivax,AstraZeneca - Vaxzevria,Beijing CNBG - BBIBP-CorV,Gamaleya - Gam-Covid-Vac,RIBSP - QazVac,SRCVB - EpiVacCorona,Unknown Vaccine",2021-02-24,7,,
Turks and Caicos Islands,TCA,AMRO,REPORTING,2022-12-02,72837,32338,188.122,83.522,,,Pfizer BioNTech - Comirnaty,2021-01-11,1,,
Tuvalu,TUV,WPRO,REPORTING,2022-08-31,25591,9603,217.02,81.437,,,AstraZeneca - Vaxzevria,2021-04-13,1,,
Uganda,UGA,AFRO,REPORTING,2022-11-27,26244519,18867075,57.376,41.248,,,"Janssen - Ad26.COV 2-S,Moderna - Spikevax,Pfizer BioNTech - Comirnaty,SII - Covishield,Sinovac - CoronaVac",2021-03-10,5,,
Ukraine,UKR,EURO,REPORTING,2022-02-27,31668577,15774300,72.4,36.069,,,"AstraZeneca - Vaxzevria,Janssen - Ad26.COV 2-S,Moderna - Spikevax,Pfizer BioNTech - Comirnaty,SII - Covishield,Sinovac - CoronaVac",2021-02-24,6,,
United Arab Emirates,ARE,EMRO,REPORTING,2022-07-06,24922054,9991089,251.982,101.018,,,"AstraZeneca - Vaxzevria,Beijing CNBG - BBIBP-CorV,Bharat - Covaxin,CanSino - Convidecia,Gamaleya - Gam-Covid-Vac,Gamaleya - Sputnik-Light,Janssen - Ad26.COV 2-S,Moderna - Spikevax,Pfizer BioNTech - Comirnaty,SII - Covishield,Sinovac - CoronaVac",,11,,
United Republic of Tanzania,TZA,AFRO,REPORTING,2022-11-27,32893229,28848632,55.066,48.295,,,"Beijing CNBG - BBIBP-CorV,Janssen - Ad26.COV 2-S,Pfizer BioNTech - Comirnaty",2021-07-28,3,,
United States of America,USA,AMRO,REPORTING,2022-12-02,647345101,264210934,195.571,79.821,,,"Janssen - Ad26.COV 2-S,Moderna - Spikevax,Novavax-NUVAXOVID,Pfizer BioNTech - Comirnaty",2020-12-14,4,,
Uruguay,URY,AMRO,REPORTING,2022-12-02,8748985,3002529,251.861,86.435,,,"AstraZeneca - Vaxzevria,Pfizer BioNTech - Comirnaty,Sinovac - CoronaVac",2021-02-27,3,,
Uzbekistan,UZB,EURO,REPORTING,2022-10-30,70696770,21247096,211.2,63.483,,,"Anhui ZL - Zifivax,Gamaleya - Gam-Covid-Vac,Gamaleya - Sputnik-Light,Moderna - Spikevax,Pfizer BioNTech - Comirnaty,SII - Covishield,Sinovac - CoronaVac,Unknown Vaccine",2021-04-28,8,,
Vanuatu,VUT,WPRO,REPORTING,2022-08-28,292146,144290,95.117,46.978,,,"AstraZeneca - Vaxzevria,Beijing CNBG - BBIBP-CorV,Janssen - Ad26.COV 2-S",2021-06-02,3,,
Venezuela (Bolivarian Republic of),VEN,AMRO,REPORTING,2022-12-02,37860994,22157232,133.145,77.92,,,"Beijing CNBG - BBIBP-CorV,CIGB - CIGB-66,Finlay - Soberana-02,Gamaleya - Gam-Covid-Vac,Gamaleya - Sputnik-Light,Sinovac - CoronaVac",2021-02-22,6,,
Viet Nam,VNM,WPRO,REPORTING,2022-12-01,264635919,90349305,271.872,92.82,,,"AstraZeneca - Vaxzevria,Beijing CNBG - BBIBP-CorV,CIGB - CIGB-66,Gamaleya - Gam-Covid-Vac,Moderna - Spikevax,Pfizer BioNTech - Comirnaty",2021-03-08,6,,
Wallis and Futuna,WLF,WPRO,REPORTING,2022-07-26,16782,6592,149.226,58.616,,,Moderna - Spikevax,2021-03-19,1,,
Yemen,YEM,EMRO,REPORTING,2022-11-21,1239152,1003208,4.155,3.364,,,"AstraZeneca - Vaxzevria,Beijing CNBG - BBIBP-CorV,Bharat - Covaxin,CanSino - Convidecia,Gamaleya - Gam-Covid-Vac,Gamaleya - Sputnik-Light,Janssen - Ad26.COV 2-S,Moderna - Spikevax,Pfizer BioNTech - Comirnaty,SII - Covishield,Sinovac - CoronaVac",2021-04-20,11,,
Zambia,ZMB,AFRO,REPORTING,2022-11-27,13405550,10842123,72.92,58.976,,,"Beijing CNBG - BBIBP-CorV,Janssen - Ad26.COV 2-S,SII - Covishield",2021-04-14,3,,
Zimbabwe,ZWE,AFRO,REPORTING,2022-11-13,12694853,6558577,85.413,44.127,,,"Beijing CNBG - BBIBP-CorV,Bharat - Covaxin,Gamaleya - Gam-Covid-Vac,Sinovac - CoronaVac",2021-02-18,4,,
